2Theta,Ortho,Tetrag
15.00453028,1811.977437	,1856.976877
15.03053028,1824.81797	,1788.631653
15.05653028,1782.866798	,1841.920836
15.08253028,1825.673154	,1905.107978
15.10853028,1851.020982	,1864.759768
15.13453028,1798.79083	,1854.45974
15.16053028,1723.533051	,1866.171793
15.18653028,1762.74742	,1794.431711
15.21253028,1875.56632	,1765.99734
15.23853028,1854.960273	,1841.422474
15.26453028,1844.806956	,1843.608513
15.29053028,1848.400431	,1808.203612
15.31653028,1767.968388	,1780.22802
15.34253028,1870.243533	,1804.884963
15.36853028,1832.764711	,1821.06825
15.39453028,1860.613682	,1816.203643
15.42053028,1872.834153	,1814.105864
15.44653028,1874.844736	,1819.000859
15.47253028,1884.048783	,1766.622332
15.49853028,1824.341001	,1832.10321
15.52453028,1755.506526	,1870.853951
15.55053028,1765.697634	,1872.778855
15.57653028,1804.062345	,1820.42129
15.60253028,1830.764013	,1806.784722
15.62853028,1792.586642	,1809.298551
15.65453028,1732.391627	,1806.253199
15.68053028,1729.626953	,1802.786816
15.70653028,1759.572496	,1810.732512
15.73253028,1770.457017	,1833.511637
15.75853028,1810.186812	,1826.055796
15.78453028,1790.895995	,1843.190315
15.81053028,1848.025092	,1830.855623
15.83653028,1771.431635	,1767.713848
15.86253028,1736.481212	,1833.808103
15.88853028,1765.217135	,1838.917397
15.91453028,1796.900081	,1860.787747
15.94053028,1846.581842	,1829.017043
15.96653028,1779.344664	,1805.27619
15.99253028,1802.766179	,1840.160376
16.01853028,1836.978641	,1883.534647
16.04453028,1793.826021	,1847.145444
16.07053028,1775.944711	,1813.606191
16.09653028,1793.428375	,1836.177937
16.12253028,1824.227712	,1842.265929
16.14853028,1812.837053	,1799.386603
16.17453028,1807.509999	,1789.723736
16.20053028,1790.661071	,1866.521742
16.22653028,1782.555487	,1901.403632
16.25253028,1841.529478	,1845.686705
16.27853028,1839.88109	,1772.018664
16.30453028,1812.610259	,1814.108312
16.33053028,1830.446848	,1861.36273
16.35653028,1803.58084	,1770.052884
16.38253028,1789.875241	,1757.116927
16.40853028,1843.51597	,1824.70018
16.43453028,1843.582237	,1837.738624
16.46053028,1801.901565	,1835.681212
16.48653028,1806.05383	,1826.841021
16.51253028,1779.448882	,1828.258079
16.53853028,1719.356077	,1823.648486
16.56453028,1741.572647	,1776.234609
16.59053028,1795.248973	,1771.435527
16.61653028,1803.80286	,1806.456222
16.64253028,1855.014521	,1760.511688
16.66853028,1829.916755	,1791.240284
16.69453028,1794.427306	,1825.977735
16.72053028,1774.596976	,1811.907032
16.74653028,1793.140976	,1816.403911
16.77253028,1827.303181	,1822.375668
16.79853028,1806.797267	,1799.266175
16.82453028,1822.34374	,1790.882657
16.85053028,1823.349962	,1748.424794
16.87653028,1783.156622	,1766.873666
16.90253028,1759.746298	,1771.545309
16.92853028,1708.650445	,1849.969852
16.95453028,1688.058473	,1811.060771
16.98053028,1730.894767	,1735.063011
17.00653028,1834.338476	,1695.585997
17.03253028,1795.553134	,1753.924399
17.05853028,1776.929126	,1766.099173
17.08453028,1790.258151	,1708.094012
17.11053028,1757.57626	,1704.005418
17.13653028,1808.826566	,1757.586637
17.16253028,1801.836203	,1809.837057
17.18853028,1763.685148	,1873.017177
17.21453028,1732.70174	,1831.919042
17.24053028,1811.413295	,1779.759091
17.26653028,1790.105894	,1804.928241
17.29253028,1883.047605	,1727.934355
17.31853028,1777.323699	,1806.505506
17.34453028,1758.831591	,1781.082754
17.37053028,1778.187371	,1788.750716
17.39653028,1819.628119	,1782.242934
17.42253028,1840.987344	,1839.253554
17.44853028,1771.504248	,1866.282727
17.47453028,1800.089198	,1869.074645
17.50053028,1712.17521	,1853.641443
17.52653028,1857.589219	,1809.802656
17.55253028,1895.639406	,1906.295883
17.57853028,1812.649885	,1880.907325
17.60453028,1847.756608	,1875.783323
17.63053028,1815.084043	,1973.80102
17.65653028,1828.844153	,1969.074445
17.68253028,1829.991127	,1862.409465
17.70853028,1800.969836	,1951.983693
17.73453028,1877.626612	,1917.644438
17.76053028,1945.354885	,1830.535995
17.78653028,1952.767127	,1906.706126
17.81253028,1927.019459	,1804.322067
17.83853028,1935.116862	,1790.5021
17.86453028,1843.342184	,1813.635018
17.89053028,1868.161111	,1727.048556
17.91653028,1806.248445	,1761.448088
17.94253028,1800.649283	,1811.831492
17.96853028,1801.881788	,1729.386697
17.99453028,1820.910259	,1709.9995
18.02053028,1840.860241	,1698.700323
18.04653028,1649.349517	,1749.873419
18.07253028,1704.876634	,1755.866846
18.09853028,1719.096926	,1722.243074
18.12453028,1765.762327	,1734.436023
18.15053028,1775.413916	,1751.003567
18.17653028,1726.064201	,1788.750221
18.20253028,1766.80309	,1799.572035
18.22853028,1849.74302	,1796.934247
18.25453028,1717.304272	,1744.350078
18.28053028,1705.628933	,1778.870495
18.30653028,1743.167006	,1753.10191
18.33253028,1697.997807	,1707.355434
18.35853028,1744.973312	,1721.212636
18.38453028,1761.071304	,1702.608449
18.41053028,1822.829854	,1749.827544
18.43653028,1782.67667	,1758.44627
18.46253028,1812.564012	,1770.062442
18.48853028,1794.752939	,1727.388987
18.51453028,1780.599497	,1758.156674
18.54053028,1756.91011	,1678.243567
18.56653028,1729.84069	,1671.261245
18.59253028,1733.734335	,1696.227946
18.61853028,1735.046143	,1684.079491
18.64453028,1703.301273	,1729.325538
18.67053028,1745.108082	,1728.959817
18.69653028,1781.466517	,1721.788354
18.72253028,1735.428	,1758.163254
18.74853028,1766.845838	,1753.021707
18.77453028,1760.128221	,1759.709618
18.80053028,1736.632135	,1745.2535
18.82653028,1792.617319	,1708.80856
18.85253028,1733.472289	,1713.236268
18.87853028,1704.7332	,1753.741654
18.90453028,1737.128062	,1754.918526
18.93053028,1712.984544	,1736.033232
18.95653028,1692.224857	,1740.045194
18.98253028,1697.324469	,1743.795327
19.00853028,1709.932432	,1761.340327
19.03453028,1658.577034	,1752.757206
19.06053028,1642.253448	,1726.982695
19.08653028,1716.732891	,1725.570191
19.11253028,1763.199693	,1737.547847
19.13853028,1684.699365	,1748.522105
19.16453028,1639.773714	,1752.972886
19.19053028,1727.522013	,1729.761384
19.21653028,1708.760407	,1660.589615
19.24253028,1724.875437	,1657.874957
19.26853028,1718.664292	,1700.123609
19.29453028,1713.02297	,1729.578291
19.32053028,1726.36533	,1711.123529
19.34653028,1671.450913	,1706.983387
19.37253028,1735.023267	,1701.348833
19.39853028,1708.427301	,1704.998201
19.42453028,1697.061315	,1754.947964
19.45053028,1717.677185	,1790.963003
19.47653028,1760.394694	,1749.160674
19.50253028,1686.649626	,1771.193917
19.52853028,1713.20061	,1734.393633
19.55453028,1712.948848	,1681.666148
19.58053028,1709.078313	,1713.336614
19.60653028,1730.95169	,1708.861628
19.63253028,1696.249286	,1717.89374
19.65853028,1777.730491	,1690.698844
19.68453028,1823.055949	,1704.505777
19.71053028,1746.887195	,1723.461119
19.73653028,1873.38309	,1739.225238
19.76253028,1867.147165	,1763.907231
19.78853028,1964.978305	,1746.461524
19.81453028,2065.233497	,1680.929085
19.84053028,2082.308629	,1649.891978
19.86653028,2304.703256	,1657.670458
19.89253028,2441.574635	,1714.452138
19.91853028,2455.399488	,1778.78705
19.94453028,2425.312212	,1717.79927
19.97053028,2308.491645	,1743.762406
19.99653028,2069.29468	,1712.879698
20.02253028,1941.298004	,1683.777165
20.04853028,1861.053114	,1698.770846
20.07453028,1757.928446	,1774.777581
20.10053028,1689.930812	,1676.649179
20.12653028,1770.306817	,1766.409025
20.15253028,1696.214516	,1630.011677
20.17853028,1726.442054	,1630.876937
20.20453028,1628.353405	,1665.114816
20.23053028,1650.489405	,1735.164133
20.25653028,1734.646013	,1761.896232
20.28253028,1782.329931	,1766.941529
20.30853028,1697.136548	,1597.21194
20.33453028,1702.739752	,1666.423696
20.36053028,1666.682832	,1690.044749
20.38653028,1643.251147	,1738.31816
20.41253028,1577.299312	,1725.90789
20.43853028,1745.287834	,1720.381267
20.46453028,1758.096298	,1774.990502
20.49053028,1746.229551	,1704.782556
20.51653028,1613.230998	,1610.950767
20.54253028,1621.948506	,1663.070509
20.56853028,1598.712363	,1713.090817
20.59453028,1639.21453	,1630.606107
20.62053028,1690.566038	,1641.859144
20.64653028,1685.308704	,1749.333267
20.67253028,1673.683812	,1680.845653
20.69853028,1637.278208	,1691.30274
20.72453028,1585.072309	,1649.621551
20.75053028,1562.096654	,1710.849367
20.77653028,1610.832369	,1649.881954
20.80253028,1686.211031	,1648.120362
20.82853028,1647.815448	,1711.31827
20.85453028,1691.109496	,1780.970152
20.88053028,1659.768967	,1756.860664
20.90653028,1614.852501	,1625.132366
20.93253028,1566.53525	,1696.286825
20.95853028,1662.176766	,1646.496611
20.98453028,1696.551497	,1613.011555
21.01053028,1720.913884	,1671.062697
21.03653028,1675.47233	,1624.511552
21.06253028,1659.957265	,1648.372154
21.08853028,1611.112674	,1683.184917
21.11453028,1639.473792	,1688.680373
21.14053028,1688.396354	,1642.268165
21.16653028,1659.159817	,1596.612735
21.19253028,1672.008264	,1580.426996
21.21853028,1642.985427	,1652.179893
21.24453028,1555.860129	,1722.613337
21.27053028,1563.229808	,1714.055054
21.29653028,1591.011398	,1657.892425
21.32253028,1616.333538	,1603.922883
21.34853028,1679.171513	,1675.330969
21.37453028,1707.45981	,1698.333213
21.40053028,1697.861649	,1640.850559
21.42653028,1691.364449	,1619.363933
21.45253028,1665.62361	,1635.688956
21.47853028,1604.253853	,1672.184779
21.50453028,1606.447476	,1659.328184
21.53053028,1626.726955	,1626.954716
21.55653028,1591.029251	,1627.009105
21.58253028,1620.446578	,1607.48716
21.60853028,1644.227086	,1639.182403
21.63453028,1607.373557	,1637.46402
21.66053028,1564.21802	,1631.020016
21.68653028,1534.510987	,1660.011912
21.71253028,1595.78002	,1637.456056
21.73853028,1642.689437	,1693.635435
21.76453028,1643.297964	,1689.481905
21.79053028,1658.088673	,1672.602131
21.81653028,1638.20047	,1685.403625
21.84253028,1615.49764	,1646.414262
21.86853028,1627.896196	,1625.135133
21.89453028,1658.864919	,1612.986001
21.92053028,1647.584125	,1564.127879
21.94653028,1605.524986	,1591.346638
21.97253028,1603.182601	,1587.416419
21.99853028,1656.026618	,1624.856719
22.02453028,1638.53145	,1636.841558
22.05053028,1607.212116	,1585.764173
22.07653028,1605.829571	,1640.511121
22.10253028,1614.97307	,1679.588542
22.12853028,1601.291198	,1633.450676
22.15453028,1578.46854	,1660.439577
22.18053028,1589.300433	,1668.998167
22.20653028,1634.325425	,1647.483829
22.23253028,1676.003131	,1605.387984
22.25853028,1676.495953	,1546.820716
22.28453028,1562.01119	,1651.672669
22.31053028,1556.503796	,1651.691693
22.33653028,1544.894946	,1614.588691
22.36253028,1581.739253	,1590.228062
22.38853028,1586.826452	,1544.762084
22.41453028,1577.011297	,1630.341355
22.44053028,1588.855357	,1685.528447
22.46653028,1659.151758	,1707.46199
22.49253028,1691.667945	,1669.040124
22.51853028,1580.951897	,1666.090076
22.54453028,1572.908647	,1723.422832
22.57053028,1575.933342	,1742.964449
22.59653028,1661.293117	,1655.302384
22.62253028,1662.526153	,1707.230639
22.64853028,1725.241416	,1590.685741
22.67453028,1604.406849	,1578.564152
22.70053028,1592.267467	,1613.721565
22.72653028,1711.666437	,1652.73724
22.75253028,1651.805605	,1627.39227
22.77853028,1651.107615	,1574.800557
22.80453028,1684.106725	,1656.943495
22.83053028,1729.1831	,1694.554198
22.85653028,1667.787009	,1587.07366
22.88253028,1603.431956	,1604.895059
22.90853028,1615.798586	,1623.70034
22.93453028,1610.169328	,1701.908287
22.96053028,1541.582226	,1606.669107
22.98653028,1630.583311	,1584.887802
23.01253028,1568.934311	,1641.593083
23.03853028,1541.660017	,1560.947484
23.06453028,1554.684141	,1603.873381
23.09053028,1655.652948	,1647.319753
23.11653028,1499.537861	,1560.58884
23.14253028,1565.181891	,1590.360961
23.16853028,1544.941694	,1615.352619
23.19453028,1556.751762	,1656.488913
23.22053028,1596.187657	,1614.460584
23.24653028,1640.470925	,1683.930408
23.27253028,1527.903557	,1653.930453
23.29853028,1521.872449	,1600.09646
23.32453028,1547.170747	,1580.997803
23.35053028,1609.870537	,1604.273875
23.37653028,1550.56106	,1524.680867
23.40253028,1532.215891	,1669.389744
23.42853028,1557.13661	,1562.043628
23.45453028,1605.100038	,1560.549208
23.48053028,1602.470012	,1594.971639
23.50653028,1619.918942	,1594.457168
23.53253028,1556.187661	,1592.756921
23.55853028,1595.27263	,1646.710258
23.58453028,1622.247751	,1618.000479
23.61053028,1593.236628	,1576.393434
23.63653028,1521.725578	,1558.541833
23.66253028,1596.519794	,1551.531802
23.68853028,1597.482692	,1510.225857
23.71453028,1542.181321	,1548.121796
23.74053028,1492.37093	,1549.698634
23.76653028,1542.943713	,1526.511695
23.79253028,1543.757821	,1527.473818
23.81853028,1535.829335	,1585.739395
23.84453028,1548.789331	,1606.24552
23.87053028,1528.352156	,1614.806844
23.89653028,1519.682989	,1561.536043
23.92253028,1509.094817	,1558.002827
23.94853028,1503.70457	,1586.531714
23.97453028,1578.535714	,1601.701288
24.00053028,1561.283137	,1583.8004
24.02653028,1501.326999	,1538.503916
24.05253028,1566.035495	,1523.934499
24.07853028,1641.737699	,1531.233867
24.10453028,1576.23516	,1584.507485
24.13053028,1499.872769	,1623.287419
24.15653028,1438.681799	,1643.393033
24.18253028,1479.012058	,1691.893298
24.20853028,1557.973591	,1736.462522
24.23453028,1581.03897	,1723.19333
24.26053028,1565.746206	,1665.305057
24.28653028,1534.920325	,1700.316269
24.31253028,1570.710891	,1773.730333
24.33853028,1604.869661	,1740.847355
24.36453028,1653.7645	,1734.107245
24.39053028,1633.995417	,1767.587025
24.41653028,1663.333622	,1728.012379
24.44253028,1729.152791	,1754.293374
24.46853028,1699.700741	,1783.529243
24.49453028,1643.956889	,1771.174692
24.52053028,1704.329841	,1783.539511
24.54653028,1711.951539	,1806.278696
24.57253028,1640.204564	,1867.664223
24.59853028,1656.930595	,1892.965943
24.62453028,1698.973414	,1839.397283
24.65053028,1652.039089	,1942.212837
24.67653028,1692.823144	,2001.129977
24.70253028,1734.352753	,2036.716027
24.72853028,1772.411192	,2169.414036
24.75453028,1788.623244	,2223.868697
24.78053028,1835.436426	,2495.977426
24.80653028,1816.459945	,2918.487427
24.83253028,1864.981955	,3412.342624
24.85853028,1923.651225	,4190.905864
24.88453028,2000.328167	,5259.543317
24.91053028,2087.441166	,6674.071981
24.93653028,2267.626217	,8765.470361
24.96253028,2503.527828	,12138.5498
24.98853028,2889.873009	,16845.85189
25.01453028,3431.712024	,22106.80503
25.04053028,4116.452485	,24706.20427
25.06653028,5139.577075	,23718.57034
25.09253028,6773.893171	,22024.50636
25.11853028,8801.963166	,20642.58347
25.14453028,11425.02278	,17744.71784
25.17053028,15719.13557	,14084.91324
25.19653028,20425.11324	,10655.51955
25.22253028,25448.25738	,8036.083021
25.24853028,27659.03369	,5542.049896
25.27453028,25907.95774	,4045.284548
25.30053028,22038.02915	,3084.22356
25.32653028,17972.52046	,2668.794712
25.35253028,13840.42851	,2291.806548
25.37853028,10523.16959	,2223.767836
25.40453028,8104.387836	,2029.376737
25.43053028,6197.838288	,1982.802878
25.45653028,4695.017955	,1971.477313
25.48253028,3723.096635	,1836.061348
25.50853028,3016.181127	,1872.694225
25.53453028,2614.491076	,1771.922499
25.56053028,2283.492482	,1754.467878
25.58653028,2164.389896	,1739.58804
25.61253028,1980.140404	,1663.826582
25.63853028,1959.712462	,1713.694768
25.66453028,1890.054192	,1702.102064
25.69053028,1806.514921	,1633.589791
25.71653028,1705.166254	,1664.49114
25.74253028,1787.121406	,1590.433771
25.76853028,1652.483481	,1603.423095
25.79453028,1672.948104	,1614.833922
25.82053028,1588.162386	,1737.264968
25.84653028,1681.087893	,1732.589875
25.87253028,1665.617302	,1678.715101
25.89853028,1702.140956	,1599.235137
25.92453028,1681.7016	,1566.86004
25.95053028,1638.165457	,1615.667266
25.97653028,1603.88486	,1649.650858
26.00253028,1604.434234	,1629.320712
26.02853028,1621.870169	,1584.157902
26.05453028,1593.124889	,1597.501818
26.08053028,1568.549288	,1569.99496
26.10653028,1564.011204	,1596.644194
26.13253028,1598.661753	,1543.23006
26.15853028,1552.772991	,1596.346673
26.18453028,1541.078851	,1592.673916
26.21053028,1525.199346	,1544.387903
26.23653028,1514.332921	,1474.243731
26.26253028,1545.377574	,1533.630865
26.28853028,1563.867136	,1587.435101
26.31453028,1533.872877	,1541.307874
26.34053028,1527.771314	,1582.724921
26.36653028,1542.634404	,1521.392602
26.39253028,1498.303349	,1472.048412
26.41853028,1460.416131	,1477.451879
26.44453028,1545.972175	,1500.671399
26.47053028,1512.857513	,1536.982989
26.49653028,1494.077426	,1545.755232
26.52253028,1576.659766	,1545.637453
26.54853028,1595.015601	,1556.333894
26.57453028,1608.655294	,1481.340403
26.60053028,1626.138391	,1445.272467
26.62653028,1671.449855	,1507.319206
26.65253028,1760.165846	,1497.515352
26.67853028,1791.114698	,1517.681163
26.70453028,1930.206505	,1527.026535
26.73053028,2138.826964	,1496.111024
26.75653028,2208.279788	,1478.843502
26.78253028,2150.951453	,1463.031177
26.80853028,2046.002992	,1495.716766
26.83453028,1867.338629	,1503.714267
26.86053028,1696.879564	,1472.354544
26.88653028,1612.322224	,1471.527735
26.91253028,1543.242703	,1471.720962
26.93853028,1517.554034	,1474.598342
26.96453028,1518.983182	,1523.436645
26.99053028,1484.999412	,1541.608113
27.01653028,1439.382649	,1470.968405
27.04253028,1447.267543	,1453.674595
27.06853028,1448.059742	,1515.8523
27.09453028,1477.960766	,1504.87377
27.12053028,1460.042599	,1463.30631
27.14653028,1443.877656	,1449.648708
27.17253028,1474.420623	,1397.12679
27.19853028,1425.852684	,1440.490895
27.22453028,1431.47209	,1477.981675
27.25053028,1426.000392	,1470.050746
27.27653028,1395.058611	,1493.135535
27.30253028,1493.401856	,1529.619801
27.32853028,1525.905329	,1479.604226
27.35453028,1462.640711	,1462.935898
27.38053028,1418.103787	,1450.694399
27.40653028,1440.419953	,1523.725784
27.43253028,1472.153965	,1491.296449
27.45853028,1484.083781	,1496.246909
27.48453028,1416.894576	,1503.333292
27.51053028,1479.689848	,1529.019881
27.53653028,1456.424636	,1550.979449
27.56253028,1412.937287	,1444.520285
27.58853028,1376.643592	,1439.554889
27.61453028,1436.326821	,1460.074888
27.64053028,1451.632955	,1474.343369
27.66653028,1438.863676	,1500.689203
27.69253028,1445.903499	,1501.588038
27.71853028,1409.0462	,1458.162052
27.74453028,1408.657485	,1443.743951
27.77053028,1369.778924	,1495.343526
27.79653028,1379.637914	,1515.182059
27.82253028,1415.334987	,1492.845046
27.84853028,1410.534181	,1469.010111
27.87453028,1347.670608	,1417.459798
27.90053028,1405.303231	,1456.38754
27.92653028,1398.107973	,1495.736226
27.95253028,1414.88877	,1488.077269
27.97853028,1445.449486	,1424.327111
28.00453028,1453.077355	,1412.953986
28.03053028,1429.083445	,1459.475456
28.05653028,1397.794628	,1409.748371
28.08253028,1391.937495	,1505.219153
28.10853028,1384.016873	,1527.990941
28.13453028,1449.298586	,1548.784614
28.16053028,1406.920871	,1422.680468
28.18653028,1521.367733	,1400.622331
28.21253028,1554.754712	,1472.930282
28.23853028,1595.892747	,1483.607069
28.26453028,1664.726372	,1440.786878
28.29053028,1554.654954	,1431.50218
28.31653028,1638.912555	,1405.255386
28.34253028,1615.048163	,1465.686343
28.36853028,1576.91491	,1416.215889
28.39453028,1606.83122	,1437.600061
28.42053028,1508.041758	,1418.128149
28.44653028,1494.880871	,1381.073564
28.47253028,1541.464395	,1392.354673
28.49853028,1520.099593	,1391.60864
28.52453028,1446.096148	,1425.467318
28.55053028,1352.450976	,1426.196702
28.57653028,1386.065747	,1412.701313
28.60253028,1373.400987	,1506.369724
28.62853028,1391.229817	,1517.0006
28.65453028,1354.308151	,1457.865811
28.68053028,1375.805743	,1450.038078
28.70653028,1400.428821	,1432.736778
28.73253028,1379.89608	,1461.256566
28.75853028,1394.543272	,1469.006086
28.78453028,1400.527644	,1418.350139
28.81053028,1378.071492	,1360.789385
28.83653028,1383.715835	,1421.753437
28.86253028,1343.380633	,1404.665193
28.88853028,1402.872291	,1402.143662
28.91453028,1343.342378	,1387.571996
28.94053028,1381.079157	,1410.728422
28.96653028,1426.070815	,1438.772922
28.99253028,1388.316449	,1428.465195
29.01853028,1370.92114	,1432.396105
29.04453028,1356.960434	,1415.89917
29.07053028,1404.263085	,1353.077233
29.09653028,1389.727206	,1380.002616
29.12253028,1346.316211	,1421.96913
29.14853028,1353.173033	,1382.34059
29.17453028,1356.901836	,1383.810748
29.20053028,1370.646898	,1384.625614
29.22653028,1350.232545	,1397.489709
29.25253028,1343.574721	,1413.509497
29.27853028,1370.721083	,1444.275492
29.30453028,1319.67886	,1421.534562
29.33053028,1316.497288	,1410.980124
29.35653028,1342.799144	,1457.835512
29.38253028,1333.652593	,1483.73169
29.40853028,1372.614645	,1503.97479
29.43453028,1378.396226	,1491.848745
29.46053028,1386.732059	,1546.736745
29.48653028,1410.392167	,1678.392565
29.51253028,1419.884808	,1779.12846
29.53853028,1467.33438	,1843.268257
29.56453028,1474.591843	,1848.908565
29.59053028,1528.388666	,1814.226635
29.61653028,1700.785456	,1736.727219
29.64253028,1858.770533	,1632.633988
29.66853028,2018.150832	,1525.805781
29.69453028,2147.350067	,1438.259235
29.72053028,2170.108067	,1430.836772
29.74653028,2231.382417	,1491.338751
29.77253028,2230.825721	,1440.010316
29.79853028,2132.169233	,1436.822332
29.82453028,1922.778462	,1423.435534
29.85053028,1792.898955	,1407.338143
29.87653028,1702.192769	,1409.850611
29.90253028,1612.053182	,1409.113224
29.92853028,1482.627392	,1388.82847
29.95453028,1438.947722	,1397.28639
29.98053028,1418.064712	,1386.538498
30.00653028,1401.919826	,1425.430489
30.03253028,1444.612274	,1445.805088
30.05853028,1386.734959	,1425.060655
30.08453028,1377.86319	,1367.322836
30.11053028,1344.137089	,1395.069334
30.13653028,1296.821289	,1394.712991
30.16253028,1344.561045	,1410.254816
30.18853028,1381.266668	,1428.593861
30.21453028,1363.088396	,1408.492309
30.24053028,1328.8509	,1396.607247
30.26653028,1375.571621	,1404.322414
30.29253028,1288.512169	,1387.838378
30.31853028,1295.667157	,1394.346572
30.34453028,1351.80197	,1402.780192
30.37053028,1371.970697	,1371.34866
30.39653028,1363.7988	,1339.343818
30.42253028,1396.31333	,1407.526721
30.44853028,1388.57418	,1381.440215
30.47453028,1367.855286	,1390.243173
30.50053028,1357.354901	,1437.086434
30.52653028,1360.78061	,1514.760508
30.55253028,1352.958403	,1542.560975
30.57853028,1287.155208	,1478.734188
30.60453028,1369.885316	,1694.276538
30.63053028,1309.167235	,1768.136204
30.65653028,1391.688319	,1959.007866
30.68253028,1380.043665	,2107.544944
30.70853028,1382.723914	,2317.348424
30.73453028,1499.553087	,2962.879111
30.76053028,1496.062489	,3760.595034
30.78653028,1457.9019	,5035.458034
30.81253028,1581.783633	,6335.981853
30.83853028,1666.426156	,6379.045698
30.86453028,1829.175816	,5481.854223
30.89053028,2092.072628	,4691.422773
30.91653028,2481.899733	,4074.358155
30.94253028,2991.871093	,3142.653007
30.96853028,3555.158769	,2379.491086
30.99453028,4062.925971	,1917.529495
31.02053028,4162.972876	,1712.314255
31.04653028,4008.369484	,1659.528875
31.07253028,4190.879031	,1545.642534
31.09853028,4345.595983	,1613.962398
31.12453028,4275.275985	,1497.391896
31.15053028,3883.487697	,1401.081486
31.17653028,3446.553251	,1440.024344
31.20253028,2965.08038	,1488.658406
31.22853028,2647.826497	,1425.860971
31.25453028,2147.450677	,1462.409413
31.28053028,1858.364347	,1449.197592
31.30653028,1669.289208	,1456.026966
31.33253028,1580.578094	,1363.143308
31.35853028,1537.932961	,1349.186993
31.38453028,1456.362151	,1408.683541
31.41053028,1390.623927	,1388.580058
31.43653028,1370.905972	,1359.698193
31.46253028,1349.591098	,1398.600809
31.48853028,1375.346542	,1367.777992
31.51453028,1334.362993	,1375.184786
31.54053028,1352.373003	,1327.722093
31.56653028,1336.356422	,1373.034034
31.59253028,1320.67902	,1355.453703
31.61853028,1275.493735	,1295.707819
31.64453028,1277.998295	,1361.174998
31.67053028,1300.966708	,1358.663536
31.69653028,1290.891685	,1312.482551
31.72253028,1274.56933	,1346.888422
31.74853028,1341.387612	,1349.386794
31.77453028,1307.69797	,1339.513667
31.80053028,1277.435449	,1371.747616
31.82653028,1324.92328	,1356.774929
31.85253028,1294.397719	,1332.009542
31.87853028,1236.075394	,1268.681555
31.90453028,1275.958692	,1287.822429
31.93053028,1333.524318	,1333.738333
31.95653028,1324.843819	,1351.012782
31.98253028,1283.57497	,1400.568822
32.00853028,1282.859219	,1431.036027
32.03453028,1295.997274	,1380.91381
32.06053028,1282.626931	,1342.192615
32.08653028,1291.402142	,1317.197959
32.11253028,1285.395794	,1286.084823
32.13853028,1288.603494	,1317.767769
32.16453028,1345.476342	,1310.64012
32.19053028,1395.195646	,1305.284576
32.21653028,1424.167466	,1345.501599
32.24253028,1450.616503	,1347.471211
32.26853028,1534.875452	,1360.588466
32.29453028,1675.293763	,1377.915951
32.32053028,1802.613775	,1350.886567
32.34653028,1834.0293	,1355.045299
32.37253028,1782.883804	,1351.845198
32.39853028,1692.910992	,1381.008651
32.42453028,1597.601506	,1382.092383
32.45053028,1516.973138	,1346.604983
32.47653028,1436.745174	,1383.755379
32.50253028,1381.89779	,1345.132238
32.52853028,1341.450739	,1337.083658
32.55453028,1306.445333	,1305.222721
32.58053028,1254.036533	,1329.234609
32.60653028,1266.028548	,1313.378469
32.63253028,1320.192781	,1322.646802
32.65853028,1297.805264	,1322.045057
32.68453028,1270.586044	,1328.484325
32.71053028,1251.24454	,1242.405268
32.73653028,1319.495048	,1233.095825
32.76253028,1262.292801	,1323.492849
32.78853028,1233.570753	,1265.404373
32.81453028,1283.285241	,1294.497345
32.84053028,1255.9092	,1317.169517
32.86653028,1257.36996	,1321.826037
32.89253028,1215.040693	,1322.571126
32.91853028,1240.644906	,1318.720922
32.94453028,1245.627814	,1265.312295
32.97053028,1230.564868	,1286.667577
32.99653028,1243.515393	,1269.997754
33.02253028,1178.294547	,1239.180815
33.04853028,1163.054831	,1215.827446
33.07453028,1245.9939	,1306.663211
33.10053028,1223.018406	,1357.332075
33.12653028,1252.850339	,1292.083756
33.15253028,1254.512632	,1284.532728
33.17853028,1164.931031	,1315.494973
33.20453028,1223.422938	,1308.498895
33.23053028,1247.519698	,1315.363801
33.25653028,1234.969733	,1277.93548
33.28253028,1180.251261	,1220.649546
33.30853028,1268.640808	,1247.261087
33.33453028,1243.936669	,1330.720562
33.36053028,1229.085503	,1271.315898
33.38653028,1292.047451	,1249.33957
33.41253028,1224.754799	,1267.535159
33.43853028,1369.711359	,1316.266517
33.46453028,1250.829486	,1299.860004
33.49053028,1393.42392	,1299.009306
33.51653028,1415.835256	,1244.575638
33.54253028,1437.367698	,1309.484274
33.56853028,1524.145107	,1317.755704
33.59453028,1582.719694	,1296.277134
33.62053028,1624.730884	,1367.448285
33.64653028,1583.841855	,1275.042035
33.67253028,1590.27205	,1213.841825
33.69853028,1508.023716	,1302.252417
33.72453028,1446.22228	,1327.280683
33.75053028,1397.401233	,1366.234501
33.77653028,1381.648886	,1280.201939
33.80253028,1317.219288	,1271.923346
33.82853028,1294.214018	,1259.316141
33.85453028,1202.503086	,1272.942598
33.88053028,1262.246034	,1270.637574
33.90653028,1266.492025	,1249.345798
33.93253028,1207.645878	,1310.79794
33.95853028,1198.142151	,1287.840945
33.98453028,1237.091131	,1292.415222
34.01053028,1229.590293	,1318.921696
34.03653028,1232.409647	,1272.029679
34.06253028,1224.378521	,1227.567621
34.08853028,1250.121933	,1273.933226
34.11453028,1201.908458	,1282.575036
34.14053028,1241.843437	,1300.015118
34.16653028,1271.383569	,1289.39232
34.19253028,1255.753423	,1315.229831
34.21853028,1222.647539	,1253.255716
34.24453028,1246.17063	,1262.005482
34.27053028,1202.841851	,1301.903448
34.29653028,1225.760116	,1289.604264
34.32253028,1206.533928	,1270.476216
34.34853028,1200.721618	,1291.957922
34.37453028,1211.753308	,1356.642549
34.40053028,1248.476638	,1320.435984
34.42653028,1243.252568	,1292.65167
34.45253028,1228.52495	,1287.086096
34.47853028,1215.256446	,1345.609176
34.50453028,1168.624926	,1327.984264
34.53053028,1184.140001	,1297.88189
34.55653028,1221.600342	,1332.200076
34.58253028,1211.269109	,1362.033775
34.60853028,1174.118976	,1356.1944
34.63453028,1210.007995	,1330.431997
34.66053028,1229.107616	,1335.983568
34.68653028,1258.950111	,1333.789934
34.71253028,1297.925021	,1332.502421
34.73853028,1239.56114	,1337.975263
34.76453028,1234.12467	,1374.077661
34.79053028,1261.254659	,1396.816898
34.81653028,1239.852347	,1376.3822
34.84253028,1213.301639	,1333.761824
34.86853028,1252.559347	,1285.817724
34.89453028,1270.756043	,1349.159857
34.92053028,1241.995386	,1413.761938
34.94653028,1267.801774	,1427.747364
34.97253028,1275.07278	,1314.454935
34.99853028,1265.899655	,1321.615851
35.02453028,1263.649163	,1403.378228
35.05053028,1256.709462	,1348.31022
35.07653028,1245.689043	,1374.816987
35.10253028,1267.617888	,1424.429064
35.12853028,1302.327309	,1395.097907
35.15453028,1253.131047	,1454.978224
35.18053028,1194.120499	,1441.506515
35.20653028,1233.686637	,1447.85004
35.23253028,1251.130659	,1501.910267
35.25853028,1269.969132	,1545.290414
35.28453028,1289.295179	,1622.003298
35.31053028,1231.534625	,1756.500361
35.33653028,1284.085598	,1808.259995
35.36253028,1354.007627	,2042.870755
35.38853028,1313.020682	,2222.08708
35.41453028,1254.624388	,2624.115579
35.44053028,1314.014933	,3207.988888
35.46653028,1334.069422	,4104.527507
35.49253028,1395.665414	,5164.635294
35.51853028,1367.695233	,6216.058036
35.54453028,1364.067689	,6239.897211
35.57053028,1344.526268	,5356.45564
35.59653028,1427.946949	,4895.694914
35.62253028,1392.280442	,4668.77943
35.64853028,1522.713847	,4168.967368
35.67453028,1546.518591	,3708.698417
35.70053028,1647.581792	,3589.233334
35.72653028,1732.74756	,3947.818385
35.75253028,1771.000503	,4618.392202
35.77853028,2137.112091	,6014.769992
35.80453028,2407.255083	,8385.656911
35.83053028,2806.867272	,10812.67251
35.85653028,3466.855505	,11080.63512
35.88253028,4558.858925	,9462.212714
35.90853028,6243.517333	,8041.873719
35.93453028,8332.344364	,7104.454293
35.96053028,10321.82727	,5796.485438
35.98653028,11719.81704	,4099.492189
36.01253028,12580.22405	,2962.682254
36.03853028,14081.69019	,2329.117567
36.06453028,13741.75688	,1964.376943
36.09053028,11304.38031	,1783.272681
36.11653028,9157.285165	,1667.492425
36.14253028,7727.587985	,1567.687364
36.16853028,6008.140157	,1535.858432
36.19453028,4287.692263	,1513.005782
36.22053028,3136.112512	,1460.422955
36.24653028,2484.023475	,1455.010423
36.27253028,2062.956909	,1425.854111
36.29853028,1833.430052	,1382.697759
36.32453028,1731.007835	,1278.5487
36.35053028,1577.284945	,1391.929727
36.37653028,1429.806947	,1357.471226
36.40253028,1459.548876	,1293.636904
36.42853028,1360.414002	,1294.545668
36.45453028,1386.670834	,1329.57405
36.48053028,1397.205811	,1320.925501
36.50653028,1355.706992	,1323.363745
36.53253028,1328.537788	,1266.181467
36.55853028,1316.264899	,1285.634049
36.58453028,1330.064826	,1273.07298
36.61053028,1282.940205	,1262.235928
36.63653028,1238.454678	,1291.542279
36.66253028,1237.826383	,1298.335336
36.68853028,1292.285005	,1308.41669
36.71453028,1285.560957	,1255.823586
36.74053028,1229.895044	,1249.926617
36.76653028,1229.773474	,1257.703998
36.79253028,1269.522432	,1241.567153
36.81853028,1315.74183	,1225.231729
36.84453028,1291.759946	,1234.313693
36.87053028,1306.741718	,1297.367458
36.89653028,1313.391985	,1277.957808
36.92253028,1293.028319	,1233.214906
36.94853028,1308.781508	,1274.932474
36.97453028,1379.035612	,1278.304125
37.00053028,1473.980044	,1275.547195
37.02653028,1576.17005	,1251.642075
37.05253028,1761.977668	,1255.375498
37.07853028,1966.119391	,1245.208556
37.10453028,2077.112601	,1206.459782
37.13053028,2122.369053	,1248.070489
37.15653028,2242.444674	,1258.140755
37.18253028,2350.934383	,1209.627472
37.20853028,2220.258869	,1217.097338
37.23453028,1994.58372	,1236.394254
37.26053028,1837.109199	,1233.515294
37.28653028,1738.716487	,1233.015749
37.31253028,1624.8252	,1258.773493
37.33853028,1491.199774	,1254.592585
37.36453028,1358.453109	,1249.35074
37.39053028,1281.284449	,1257.966752
37.41653028,1272.615379	,1211.364843
37.44253028,1238.942341	,1210.801897
37.46853028,1239.737514	,1214.93328
37.49453028,1271.559058	,1202.194149
37.52053028,1251.915694	,1243.188851
37.54653028,1118.395816	,1272.816943
37.57253028,1130.804729	,1242.723112
37.59853028,1206.171548	,1193.855375
37.62453028,1186.479086	,1208.332156
37.65053028,1170.76408	,1242.147046
37.67653028,1158.181654	,1235.965405
37.70253028,1192.291625	,1232.657225
37.72853028,1170.248993	,1235.256632
37.75453028,1122.356503	,1243.602429
37.78053028,1098.56036	,1233.772649
37.80653028,1134.671955	,1216.046789
37.83253028,1164.434664	,1210.942289
37.85853028,1189.982157	,1234.121905
37.88453028,1144.299422	,1245.059451
37.91053028,1135.570268	,1257.963751
37.93653028,1166.736173	,1219.334164
37.96253028,1171.804639	,1205.823659
37.98853028,1133.484153	,1273.803269
38.01453028,1090.041314	,1236.665187
38.04053028,1163.438718	,1237.129114
38.06653028,1162.124279	,1228.417233
38.09253028,1087.428981	,1223.142947
38.11853028,1142.858797	,1231.412022
38.14453028,1125.901632	,1249.20856
38.17053028,1103.272909	,1263.035478
38.19653028,1168.456483	,1268.105019
38.22253028,1167.661427	,1206.705923
38.24853028,1141.956093	,1213.599508
38.27453028,1108.324911	,1230.113112
38.30053028,1110.145341	,1235.307997
38.32653028,1100.189701	,1315.42201
38.35253028,1155.443401	,1282.111831
38.37853028,1238.29498	,1271.731985
38.40453028,1199.039385	,1255.471077
38.43053028,1093.427765	,1236.92855
38.45653028,1101.960829	,1262.552346
38.48253028,1139.00816	,1179.815663
38.50853028,1138.796442	,1224.188333
38.53453028,1132.04877	,1263.350843
38.56053028,1134.310166	,1327.20754
38.58653028,1163.00333	,1250.995958
38.61253028,1153.102553	,1225.253937
38.63853028,1174.582841	,1243.641369
38.66453028,1146.856734	,1188.676293
38.69053028,1179.637351	,1206.225156
38.71653028,1162.941028	,1185.137544
38.74253028,1266.459593	,1247.055644
38.76853028,1130.552759	,1254.733311
38.79453028,1193.701802	,1155.52239
38.82053028,1148.812016	,1251.619465
38.84653028,1129.589047	,1228.66476
38.87253028,1174.354728	,1266.007733
38.89853028,1177.364354	,1312.433335
38.92453028,1185.722947	,1273.565416
38.95053028,1168.054703	,1264.424467
38.97653028,1129.240251	,1315.106333
39.00253028,1123.849751	,1354.310908
39.02853028,1176.410892	,1372.48661
39.05453028,1196.871016	,1399.666131
39.08053028,1193.324863	,1379.839277
39.10653028,1151.906248	,1314.658452
39.13253028,1142.008181	,1363.379772
39.15853028,1142.790397	,1357.325633
39.18453028,1163.088002	,1390.397006
39.21053028,1219.325814	,1390.574262
39.23653028,1229.741555	,1423.128513
39.26253028,1264.394005	,1549.36379
39.28853028,1277.009148	,1602.198906
39.31453028,1300.859076	,1705.302122
39.34053028,1349.015649	,1931.615442
39.36653028,1447.934234	,2220.24477
39.39253028,1451.140236	,2626.641926
39.41853028,1432.229858	,3533.255423
39.44453028,1445.489344	,5060.728409
39.47053028,1454.999677	,7125.306571
39.49653028,1484.750093	,8842.609786
39.52253028,1595.856345	,8680.147798
39.54853028,1673.078884	,7157.273547
39.57453028,1795.488708	,6030.332571
39.60053028,2015.618802	,5579.643838
39.62653028,2333.932252	,4902.449243
39.65253028,2842.945793	,3586.856605
39.67853028,3775.031278	,2459.828308
39.70453028,5336.284078	,1951.319236
39.73053028,7163.79527	,1706.638493
39.75653028,8480.28481	,1538.880486
39.78253028,8395.763753	,1427.776224
39.80853028,7033.343231	,1351.424141
39.83453028,6016.964568	,1317.242421
39.86053028,5635.077701	,1326.216905
39.88653028,4831.815808	,1347.574137
39.91253028,3621.439451	,1322.380141
39.93853028,2603.207635	,1296.760791
39.96453028,1994.565545	,1342.973923
39.99053028,1668.064428	,1343.656776
40.01653028,1493.723355	,1294.645103
40.04253028,1408.087686	,1270.768668
40.06853028,1329.176326	,1223.003652
40.09453028,1293.434245	,1187.233996
40.12053028,1265.369674	,1207.628806
40.14653028,1221.767564	,1263.517173
40.17253028,1217.799191	,1280.356742
40.19853028,1222.091303	,1296.256932
40.22453028,1205.986041	,1304.25208
40.25053028,1187.45549	,1287.892387
40.27653028,1244.454795	,1279.720315
40.30253028,1261.097528	,1297.946564
40.32853028,1214.817566	,1278.976158
40.35453028,1279.423783	,1192.019162
40.38053028,1346.973031	,1224.304855
40.40653028,1368.999095	,1220.692179
40.43253028,1320.926291	,1199.447664
40.45853028,1263.720868	,1208.292518
40.48453028,1243.927401	,1202.075855
40.51053028,1218.721224	,1201.267694
40.53653028,1235.119612	,1209.164492
40.56253028,1192.457624	,1207.863172
40.58853028,1190.240337	,1219.802246
40.61453028,1156.257337	,1166.671681
40.64053028,1173.643399	,1189.041169
40.66653028,1132.745616	,1193.600761
40.69253028,1086.666451	,1186.32583
40.71853028,1115.280568	,1248.786541
40.74453028,1082.11468	,1215.132199
40.77053028,1069.35303	,1206.968025
40.79653028,1082.809025	,1119.050678
40.82253028,1030.850616	,1141.490771
40.84853028,1129.848063	,1208.283251
40.87453028,1074.414955	,1210.77297
40.90053028,1129.188865	,1209.547943
40.92653028,1112.035904	,1158.90632
40.95253028,1145.350835	,1148.370307
40.97853028,1124.490683	,1202.562637
41.00453028,1074.618605	,1241.466039
41.03053028,1159.656272	,1142.243843
41.05653028,1087.280099	,1169.654108
41.08253028,1111.026746	,1116.445515
41.10853028,1168.424219	,1144.552173
41.13453028,1103.4573	,1134.637186
41.16053028,1119.535013	,1190.463363
41.18653028,1148.900003	,1160.628486
41.21253028,1255.828399	,1115.08491
41.23853028,1204.611165	,1161.463721
41.26453028,1312.622654	,1201.148515
41.29053028,1379.904928	,1138.081693
41.31653028,1514.306991	,1212.702104
41.34253028,1631.964507	,1191.340965
41.36853028,1854.884787	,1198.458124
41.39453028,2029.718156	,1168.353923
41.42053028,2201.004084	,1107.191445
41.44653028,2128.651453	,1173.826723
41.47253028,1886.856195	,1171.846517
41.49853028,1762.320607	,1167.451894
41.52453028,1733.307574	,1140.632104
41.55053028,1637.998001	,1151.786134
41.57653028,1509.714312	,1135.101943
41.60253028,1432.397716	,1153.244691
41.62853028,1322.943502	,1139.377777
41.65453028,1347.979895	,1190.763921
41.68053028,1279.136513	,1183.974815
41.70653028,1204.513036	,1185.677074
41.73253028,1245.400902	,1128.616694
41.75853028,1149.992786	,1111.638062
41.78453028,1142.069586	,1153.911127
41.81053028,1144.157512	,1231.470467
41.83653028,1136.926369	,1189.430541
41.86253028,1065.229085	,1124.989642
41.88853028,1090.133285	,1120.373513
41.91453028,1066.100931	,1144.461552
41.94053028,1085.594747	,1172.904697
41.96653028,1038.602458	,1143.343907
41.99253028,1097.930958	,1169.179127
42.01853028,1085.660769	,1139.351826
42.04453028,1108.257113	,1117.327248
42.07053028,1057.89838	,1091.515843
42.09653028,1020.363604	,1115.358946
42.12253028,1018.356284	,1156.142672
42.14853028,1027.623808	,1146.852034
42.17453028,1063.304325	,1135.639317
42.20053028,1046.216578	,1142.842117
42.22653028,1044.570727	,1164.737533
42.25253028,1033.551387	,1108.045632
42.27853028,1049.949672	,1104.414403
42.30453028,1052.814535	,1139.405832
42.33053028,1009.279285	,1179.453308
42.35653028,1035.881954	,1146.459932
42.38253028,1028.75475	,1117.667566
42.40853028,996.8846572	,1139.05346
42.43453028,1015.372115	,1157.777042
42.46053028,1023.830405	,1142.90238
42.48653028,1033.836836	,1104.666282
42.51253028,1039.825388	,1098.3815
42.53853028,1104.872884	,1125.204867
42.56453028,1146.693392	,1131.02109
42.59053028,1105.866777	,1120.259587
42.61653028,1058.309276	,1145.819842
42.64253028,1002.408432	,1151.905623
42.66853028,1025.6488	,1152.140788
42.69453028,1035.552243	,1172.651894
42.72053028,1028.947126	,1145.249737
42.74653028,1062.317197	,1111.098225
42.77253028,1046.85834	,1105.470722
42.79853028,1034.995182	,1140.806556
42.82453028,1018.632683	,1164.896689
42.85053028,1035.063558	,1166.790372
42.87653028,1048.070584	,1171.668614
42.90253028,1103.533997	,1133.670832
42.92853028,1075.993177	,1180.770993
42.95453028,1063.698236	,1206.657664
42.98053028,1111.14811	,1157.742601
43.00653028,1079.890268	,1152.380745
43.03253028,1062.287793	,1142.641221
43.05853028,1020.351812	,1141.047419
43.08453028,1050.497588	,1177.750461
43.11053028,1081.733799	,1169.473928
43.13653028,1092.097294	,1182.081273
43.16253028,1124.024532	,1176.899992
43.18853028,1111.378844	,1120.555201
43.21453028,1057.384616	,1159.659964
43.24053028,1049.328763	,1194.726061
43.26653028,1078.145007	,1182.230245
43.29253028,1042.166588	,1204.34957
43.31853028,1007.403151	,1164.84724
43.34453028,1049.275121	,1189.193234
43.37053028,1093.239438	,1186.512504
43.39653028,1063.864119	,1172.811443
43.42253028,1059.51632	,1192.277513
43.44853028,1081.227547	,1222.024137
43.47453028,1013.656372	,1222.46803
43.50053028,1101.759241	,1189.888692
43.52653028,1099.973991	,1204.012523
43.55253028,1049.539302	,1164.891839
43.57853028,1077.957023	,1227.964162
43.60453028,1056.182789	,1262.073813
43.63053028,1129.761409	,1324.593352
43.65653028,1090.073398	,1293.894252
43.68253028,1090.506744	,1280.737213
43.70853028,1081.778954	,1327.604381
43.73453028,1076.936027	,1342.267801
43.76053028,1076.459746	,1405.317765
43.78653028,1130.783903	,1492.747345
43.81253028,1117.276366	,1538.749018
43.83853028,1160.839786	,1658.548425
43.86453028,1132.406724	,1829.63518
43.89053028,1112.481175	,2023.377083
43.91653028,1159.363116	,2402.023571
43.94253028,1181.095165	,3064.492032
43.96853028,1139.411403	,3796.400438
43.99453028,1193.209326	,4780.207323
44.02053028,1236.859739	,5412.145482
44.04653028,1152.907548	,4785.900382
44.07253028,1246.585602	,4491.043054
44.09853028,1267.773317	,4854.547221
44.12453028,1333.573242	,5669.09657
44.15053028,1358.673574	,6766.124814
44.17653028,1512.75845	,8051.535371
44.20253028,1607.160291	,9204.290115
44.22853028,1749.496605	,8535.013361
44.25453028,1916.206416	,7011.740236
44.28053028,2246.869794	,6014.387853
44.30653028,2726.154565	,5553.004332
44.33253028,3503.903035	,5354.816109
44.35853028,4615.526959	,4345.22372
44.38453028,6014.910167	,3328.122233
44.41053028,7156.286273	,2437.248632
44.43653028,7471.387379	,2008.548779
44.46253028,7263.842531	,1815.206643
44.48853028,7403.275481	,1657.804345
44.51453028,8016.182881	,1489.557971
44.54053028,8133.041419	,1445.466993
44.56653028,8018.130573	,1407.934682
44.59253028,7853.694316	,1397.969437
44.61853028,7735.786627	,1358.793879
44.64453028,6933.729298	,1315.339626
44.67053028,5814.15375	,1273.47219
44.69653028,5063.205903	,1304.479822
44.72253028,4613.795817	,1278.260291
44.74853028,4051.78576	,1199.153756
44.77453028,3375.323047	,1211.539676
44.80053028,2645.332153	,1246.331349
44.82653028,2193.380021	,1223.291562
44.85253028,1975.094995	,1159.318805
44.87853028,1773.167865	,1161.770073
44.90453028,1572.674788	,1218.959893
44.93053028,1415.943524	,1248.644531
44.95653028,1370.261415	,1211.571819
44.98253028,1411.587206	,1157.504327
45.00853028,1334.115653	,1140.107574
45.03453028,1217.161217	,1162.060064
45.06053028,1166.693939	,1181.068207
45.08653028,1146.00821	,1193.447628
45.11253028,1131.216854	,1192.27755
45.13853028,1140.014059	,1143.998717
45.16453028,1127.554256	,1136.741474
45.19053028,1107.813283	,1180.492429
45.21653028,1112.371074	,1169.085774
45.24253028,1089.642642	,1157.119585
45.26853028,1108.933222	,1185.917465
45.29453028,1135.079263	,1159.244949
45.32053028,1120.702252	,1117.758405
45.34653028,1125.103963	,1140.207385
45.37253028,1144.758667	,1146.328774
45.39853028,1173.050033	,1148.644862
45.42453028,1220.600034	,1170.708294
45.45053028,1262.487141	,1174.676486
45.47653028,1255.208729	,1201.285794
45.50253028,1200.119218	,1189.920588
45.52853028,1180.606902	,1145.169521
45.55453028,1178.585099	,1151.34959
45.58053028,1192.202944	,1165.265444
45.60653028,1125.93714	,1189.436422
45.63253028,1113.804916	,1188.994076
45.65853028,1084.343097	,1215.696191
45.68453028,1100.597974	,1248.910858
45.71053028,1105.571334	,1271.02493
45.73653028,1090.156705	,1357.512158
45.76253028,1044.745607	,1406.984576
45.78853028,1059.125305	,1509.96207
45.81453028,1100.861276	,1707.185112
45.84053028,1101.918094	,1866.331015
45.86653028,1118.675144	,2223.124854
45.89253028,1058.013541	,2642.437716
45.91853028,1095.543899	,3034.046099
45.94453028,1149.092049	,3048.008266
45.97053028,1178.261964	,2762.993262
45.99653028,1172.891446	,2585.36939
46.02253028,1263.166277	,2362.549635
46.04853028,1352.971795	,2358.467997
46.07453028,1454.869741	,2141.290886
46.10053028,1529.804131	,1891.225651
46.12653028,1731.318402	,1667.106744
46.15253028,1918.785065	,1442.355714
46.17853028,2295.001377	,1348.944931
46.20453028,2678.121112	,1326.716402
46.23053028,2953.514676	,1276.768006
46.25653028,3017.831741	,1164.521766
46.28253028,2771.781454	,1171.135252
46.30853028,2525.328562	,1167.817291
46.33453028,2402.221076	,1076.182114
46.36053028,2291.525568	,1082.466846
46.38653028,2128.405253	,1154.482083
46.41253028,1893.219338	,1213.318243
46.43853028,1551.301712	,1092.917184
46.46453028,1373.087719	,1070.145396
46.49053028,1340.518507	,1148.735969
46.51653028,1226.029522	,1049.666803
46.54253028,1218.187393	,1114.506653
46.56853028,1169.336442	,1102.692624
46.59453028,1129.230624	,1124.674537
46.62053028,1084.954299	,1087.692405
46.64653028,1057.043194	,1108.123103
46.67253028,1006.528557	,1115.496141
46.69853028,1038.1985	,1158.532798
46.72453028,1049.166408	,1103.947047
46.75053028,1045.582758	,1108.512246
46.77653028,1025.608051	,1070.476548
46.80253028,1045.496741	,1106.526544
46.82853028,1065.253699	,1012.965684
46.85453028,1057.020737	,1048.406262
46.88053028,1009.905024	,1063.018972
46.90653028,972.9463925	,1059.881037
46.93253028,968.6377313	,1109.562506
46.95853028,939.2039292	,1087.983071
46.98453028,921.6642442	,1060.118444
47.01053028,955.1467889	,1049.507961
47.03653028,954.9222731	,1089.121809
47.06253028,962.7283903	,1065.779871
47.08853028,996.2433744	,1131.354605
47.11453028,1048.528994	,1098.566569
47.14053028,994.5520669	,1130.533411
47.16653028,1010.672249	,1114.15226
47.19253028,1004.519821	,1075.939103
47.21853028,976.9360664	,1068.83298
47.24453028,1040.041862	,1076.971873
47.27053028,1098.4679	,1085.499783
47.29653028,1070.259851	,1079.732404
47.32253028,1056.339771	,1050.679559
47.34853028,1054.411281	,1043.260357
47.37453028,1068.175038	,1042.773993
47.40053028,1048.989177	,1079.85134
47.42653028,1068.738982	,1058.127004
47.45253028,1059.16007	,1056.068629
47.47853028,1068.538315	,1068.579514
47.50453028,1004.604595	,1028.194546
47.53053028,981.30332	,1009.053692
47.55653028,979.1835338	,1046.913044
47.58253028,984.2694355	,1026.752088
47.60853028,962.9846843	,993.5645779
47.63453028,944.052757	,1052.047326
47.66053028,985.1896069	,1033.878897
47.68653028,982.9827095	,1029.251172
47.71253028,945.0973679	,1046.492891
47.73853028,942.6407994	,1042.370181
47.76453028,957.48047	,1055.546131
47.79053028,975.7203109	,1029.413503
47.81653028,959.6616652	,1066.352036
47.84253028,926.6662398	,1084.816755
47.86853028,931.3373072	,1052.210644
47.89453028,927.0074001	,1061.835612
47.92053028,936.4301187	,1042.487436
47.94653028,933.4478572	,1007.586236
47.97253028,923.6720322	,1021.69479
47.99853028,971.9210668	,1060.986711
48.02453028,941.2889201	,1051.542587
48.05053028,952.2130048	,1040.965224
48.07653028,987.8495577	,1003.768618
48.10253028,912.4143695	,1032.357004
48.12853028,922.214663	,1035.933507
48.15453028,983.3201217	,1061.665241
48.18053028,987.2817162	,1039.001771
48.20653028,936.0920486	,1069.422273
48.23253028,925.2001717	,1052.175285
48.25853028,933.244443	,1054.219051
48.28453028,930.9147553	,1059.934706
48.31053028,924.7988112	,1006.105961
48.33653028,929.0860387	,999.5413187
48.36253028,901.8493887	,1070.738037
48.38853028,910.8105064	,1076.500686
48.41453028,959.7515822	,1085.765032
48.44053028,970.891176	,1065.444189
48.46653028,944.9964305	,1080.498706
48.49253028,947.524786	,1039.684151
48.51853028,930.8834299	,996.2172806
48.54453028,976.2163756	,1005.016353
48.57053028,997.0173724	,1029.585137
48.59653028,935.7239725	,1000.17195
48.62253028,896.166738	,1031.488343
48.64853028,941.925422	,1124.286536
48.67453028,995.843406	,1061.802377
48.70053028,973.0811168	,1048.252052
48.72653028,931.3633656	,1013.286795
48.75253028,873.1098207	,1047.14844
48.77853028,1009.232389	,993.2259303
48.80453028,983.2671358	,1023.353711
48.83053028,952.1035829	,1059.090353
48.85653028,972.9467331	,1027.586849
48.88253028,975.5731307	,1004.285219
48.90853028,991.3503355	,1035.845618
48.93453028,924.5775049	,1060.412521
48.96053028,1009.918985	,993.2196946
48.98653028,1033.781885	,975.1646268
49.01253028,1120.672241	,979.9205674
49.03853028,1197.845187	,976.8375647
49.06453028,1353.30034	,1047.050295
49.09053028,1514.683012	,1070.812161
49.11653028,1396.213478	,1007.181198
49.14253028,1374.569373	,1040.02828
49.16853028,1303.775406	,995.7880258
49.19453028,1333.384136	,961.6323047
49.22053028,1204.031896	,1003.352005
49.24653028,1253.815526	,963.1181736
49.27253028,1132.555106	,1021.811375
49.29853028,1012.503226	,1004.193855
49.32453028,1029.988553	,1023.670178
49.35053028,908.0280131	,1069.750136
49.37653028,904.4827299	,991.1421938
49.40253028,955.6207459	,995.5738827
49.42853028,980.263286	,1042.010937
49.45453028,954.008297	,1025.9791
49.48053028,938.0479393	,1059.098845
49.50653028,919.3452238	,1081.836044
49.53253028,985.9750757	,1028.209803
49.55853028,936.7609038	,1029.019181
49.58453028,920.3999475	,1043.253996
49.61053028,969.9916538	,1038.073356
49.63653028,939.9146188	,1057.161884
49.66253028,926.459481	,1037.479359
49.68853028,932.1159811	,1038.407731
49.71453028,966.4180839	,982.9684518
49.74053028,947.9973083	,1026.489317
49.76653028,944.6120279	,1079.566202
49.79253028,938.3186877	,1036.707213
49.81853028,971.4254383	,1043.856903
49.84453028,906.4349667	,1074.02036
49.87053028,881.3374071	,1050.765927
49.89653028,913.7489417	,1045.903949
49.92253028,936.4486968	,1047.984224
49.94853028,942.1987928	,1040.211688
49.97453028,881.487787	,1041.588629
50.00053028,923.7729562	,1040.140227
50.02653028,942.7949708	,1014.52624
50.05253028,908.7664602	,991.0117818
50.07853028,935.9682065	,988.6958368
50.10453028,973.1045173	,1025.485353
50.13053028,950.0687674	,1028.373612
50.15653028,932.5169639	,1041.334587
50.18253028,921.778562	,1035.27673
50.20853028,917.6587461	,1043.007464
50.23453028,936.9998716	,1041.350675
50.26053028,927.7365467	,1042.005241
50.28653028,912.148423	,1052.188288
50.31253028,955.5258575	,1083.220087
50.33853028,975.4751569	,1074.27197
50.36453028,952.9381018	,1024.375616
50.39053028,932.1323162	,1012.015626
50.41653028,907.7744597	,1002.261034
50.44253028,894.1985499	,1026.326092
50.46853028,905.2526182	,1078.228727
50.49453028,932.5828214	,1046.758776
50.52053028,948.9138062	,1035.739228
50.54653028,959.3686392	,1043.538632
50.57253028,930.0532099	,1014.51829
50.59853028,897.578561	,1072.085572
50.62453028,939.5476041	,1054.776641
50.65053028,941.2680019	,1039.591474
50.67653028,892.5269802	,1059.223918
50.70253028,894.1634492	,1024.980359
50.72853028,915.1758431	,1037.013718
50.75453028,931.0066696	,1057.878469
50.78053028,934.8230526	,1035.680955
50.80653028,970.9912271	,1046.615075
50.83253028,996.6044466	,1049.091971
50.85853028,931.0550808	,1066.174551
50.88453028,925.3192528	,1038.861815
50.91053028,932.7670968	,1033.333659
50.93653028,964.8327887	,1070.254745
50.96253028,950.896667	,1106.902132
50.98853028,950.0089049	,1093.256635
51.01453028,944.1589597	,1098.462503
51.04053028,913.2259393	,1120.506142
51.06653028,930.6140559	,1234.053437
51.09253028,939.7430677	,1322.695468
51.11853028,892.5823124	,1269.674518
51.14453028,923.9815997	,1305.608291
51.17053028,967.9342602	,1409.179887
51.19653028,924.7907263	,1620.374404
51.22253028,966.2939593	,1819.010726
51.24853028,970.7499386	,2179.386629
51.27453028,1003.304401	,2746.233287
51.30053028,977.9073636	,3627.209505
51.32653028,1003.374155	,4804.883474
51.35253028,981.6030747	,5320.149934
51.37853028,951.5381012	,4770.408483
51.40453028,1007.625711	,3765.655405
51.43053028,1067.732476	,3497.490821
51.45653028,1057.065201	,3731.655145
51.48253028,1158.110124	,4115.956811
51.50853028,1139.708841	,3976.232847
51.53453028,1198.570376	,3827.381719
51.56053028,1306.994579	,3641.97689
51.58653028,1392.063434	,3627.747599
51.61253028,1592.74142	,3283.727333
51.63853028,1722.315801	,2639.715448
51.66453028,2044.107349	,2321.930773
51.69053028,2468.850701	,2313.020073
51.71653028,2958.920585	,2302.129839
51.74253028,3503.884272	,2085.483403
51.76853028,4109.557105	,1827.878151
51.79453028,4885.43607	,1509.946753
51.82053028,5756.872745	,1440.008178
51.84653028,5746.514171	,1235.823042
51.87253028,5051.893437	,1187.660696
51.89853028,4121.152031	,1148.196603
51.92453028,3881.160206	,1146.828967
51.95053028,3980.287461	,1127.197944
51.97653028,3858.555272	,1131.241922
52.00253028,3495.056631	,1058.03462
52.02853028,2993.50798	,1057.585446
52.05453028,2657.069586	,1080.370286
52.08053028,2496.615746	,1157.171942
52.10653028,2188.453488	,1131.330149
52.13253028,1954.537422	,1141.457289
52.15853028,1779.26458	,1051.414094
52.18453028,1701.96955	,1076.428194
52.21053028,1626.117282	,1029.323492
52.23653028,1547.502336	,1031.62364
52.26253028,1430.999375	,980.5322411
52.28853028,1374.467308	,1008.978165
52.31453028,1198.477501	,1025.053363
52.34053028,1146.759805	,1006.465873
52.36653028,1144.041496	,1020.032529
52.39253028,1072.026974	,1016.762646
52.41853028,1145.622794	,1016.616507
52.44453028,1098.576293	,1033.669861
52.47053028,1067.517721	,1010.522618
52.49653028,1168.670738	,1026.383443
52.52253028,1233.474379	,1016.495186
52.54853028,1283.345377	,989.2003435
52.57453028,1336.127306	,1004.851968
52.60053028,1344.985562	,1028.600936
52.62653028,1260.069225	,983.6166958
52.65253028,1178.325508	,941.7249948
52.67853028,1189.381086	,975.7177954
52.70453028,1210.846577	,992.4302292
52.73053028,1205.981447	,985.1988999
52.75653028,1132.057206	,995.270411
52.78253028,1017.557916	,973.279621
52.80853028,990.6341686	,980.0827579
52.83453028,974.475666	,984.6783374
52.86053028,947.241065	,934.3928901
52.88653028,926.5368465	,928.4519629
52.91253028,915.2730698	,994.3388239
52.93853028,920.0533893	,971.7224682
52.96453028,929.7358898	,935.0325774
52.99053028,938.0067197	,981.1997581
53.01653028,934.0574592	,954.6922039
53.04253028,885.9860974	,927.0960259
53.06853028,847.5349033	,945.108819
53.09453028,869.9956834	,941.357105
53.12053028,862.1851857	,960.8534098
53.14653028,861.6421917	,970.7872863
53.17253028,899.346629	,977.9894346
53.19853028,899.493097	,993.5517392
53.22453028,889.9354324	,996.1787593
53.25053028,905.1987947	,1006.326869
53.27653028,909.133718	,1007.232874
53.30253028,888.230773	,986.4670585
53.32853028,910.6319951	,991.6325754
53.35453028,915.4757602	,972.7762957
53.38053028,916.848504	,949.5195647
53.40653028,923.7279726	,961.2142684
53.43253028,985.0991606	,955.0114467
53.45853028,1009.40947	,962.8560583
53.48453028,963.4602532	,979.4175532
53.51053028,930.6503105	,997.5505993
53.53653028,931.2725038	,998.1138193
53.56253028,940.4508861	,950.153874
53.58853028,922.8187149	,960.3557096
53.61453028,952.112475	,999.6360438
53.64053028,968.6107768	,986.717077
53.66653028,958.4328373	,986.7687698
53.69253028,925.2374619	,948.6605455
53.71853028,924.289515	,969.2635223
53.74453028,963.654132	,987.1469855
53.77053028,949.1289179	,1033.269654
53.79653028,903.2059248	,1051.37538
53.82253028,961.3611339	,979.3790116
53.84853028,881.3951966	,981.1831118
53.87453028,929.3419867	,990.4816498
53.90053028,938.5069397	,1027.851024
53.92653028,994.3001084	,1003.080277
53.95253028,918.0940629	,1014.595403
53.97853028,861.5542826	,979.5733534
54.00453028,824.9342073	,1010.545312
54.03053028,880.2058142	,958.7006818
54.05653028,842.2315726	,1002.458259
54.08253028,861.9640045	,1047.655102
54.10853028,851.7754271	,1088.392705
54.13453028,860.0679165	,1117.678182
54.16053028,848.9335039	,1123.142117
54.18653028,886.2052171	,1060.596332
54.21253028,948.8162947	,1031.339099
54.23853028,894.4010754	,1015.503942
54.26453028,981.0102604	,1067.364421
54.29053028,1038.516804	,974.4056133
54.31653028,1106.832168	,1027.869811
54.34253028,1160.335349	,938.1407886
54.36853028,1207.934543	,1008.37368
54.39453028,1164.493789	,961.6215055
54.42053028,1149.599138	,1004.065655
54.44653028,1146.164578	,980.4143277
54.47253028,1179.775105	,936.7983942
54.49853028,1116.116618	,977.6252395
54.52453028,1055.919611	,972.7437756
54.55053028,1054.640425	,973.8234113
54.57653028,1029.854908	,943.4644737
54.60253028,1092.748502	,983.5380324
54.62853028,1050.05612	,953.8679351
54.65453028,1025.636199	,990.697854
54.68053028,933.7078783	,1013.321465
54.70653028,936.6934388	,1004.828044
54.73253028,945.0387727	,976.1696459
54.75853028,938.5479549	,1003.328519
54.78453028,897.7022524	,1018.195665
54.81053028,896.2867191	,975.5162768
54.83653028,922.7758278	,985.7812441
54.86253028,906.9119214	,946.8176318
54.88853028,901.0064546	,1020.716778
54.91453028,889.467443	,1038.853347
54.94053028,892.081166	,1003.595925
54.96653028,923.9838948	,984.0138666
54.99253028,913.3000705	,1006.150781
55.01853028,886.3070996	,963.9347766
55.04453028,901.3167482	,981.7110605
55.07053028,918.5238417	,959.8085144
55.09653028,929.0052229	,907.9140953
55.12253028,950.6352373	,918.2243644
55.14853028,1012.049335	,939.5271047
55.17453028,1002.831487	,969.4711897
55.20053028,949.0357848	,947.6765618
55.22653028,943.5245295	,948.7256579
55.25253028,926.6782266	,928.9162503
55.27853028,940.1099075	,933.4371026
55.30453028,964.0719936	,939.1824236
55.33053028,944.587715	,955.1525603
55.35653028,909.7885568	,962.0012789
55.38253028,913.5446394	,925.5210866
55.40853028,913.9726542	,930.8817675
55.43453028,890.0235223	,936.7363056
55.46053028,894.8334458	,912.544909
55.48653028,874.3961086	,912.4752737
55.51253028,862.156168	,934.5334731
55.53853028,871.288149	,968.3154934
55.56453028,885.7285421	,978.6246712
55.59053028,899.9611429	,982.2788623
55.61653028,863.4088237	,958.9080968
55.64253028,863.9024058	,916.1426269
55.66853028,884.114161	,900.3011537
55.69453028,869.8362271	,887.2896967
55.72053028,865.1564318	,897.2442088
55.74653028,845.6138317	,915.4583941
55.77253028,851.8814515	,920.7330677
55.79853028,869.52832	,953.7821906
55.82453028,869.0231917	,991.1168281
55.85053028,856.9324274	,972.1693446
55.87653028,847.7308898	,937.3876754
55.90253028,883.0063257	,926.5158302
55.92853028,884.5354786	,931.0043763
55.95453028,873.9732946	,944.1869841
55.98053028,875.9283344	,947.6797395
56.00653028,932.1082943	,955.1493364
56.03253028,976.1661392	,929.0542969
56.05853028,1029.306444	,939.7039235
56.08453028,1074.723174	,925.4059645
56.11053028,1096.449538	,965.8842014
56.13653028,1114.611771	,977.2781683
56.16253028,1106.772398	,974.079559
56.18853028,1027.591685	,920.343888
56.21453028,1043.406111	,897.5366025
56.24053028,1079.736033	,892.3845367
56.26653028,1028.645493	,936.6990772
56.29253028,991.4514343	,941.8789377
56.31853028,952.7734106	,978.6335759
56.34453028,931.2211847	,923.7231117
56.37053028,864.7729855	,957.2106297
56.39653028,889.67243	,964.3225027
56.42253028,906.5253064	,949.8819004
56.44853028,915.7196817	,959.9401648
56.47453028,903.9191098	,951.094986
56.50053028,869.2658873	,1013.061839
56.52653028,842.009263	,900.0980348
56.55253028,851.8526652	,942.221048
56.57853028,847.0200375	,905.9420735
56.60453028,860.752264	,971.8722066
56.63053028,868.0660414	,983.519396
56.65653028,886.2012596	,969.3939553
56.68253028,902.4521422	,943.2225752
56.70853028,878.2603603	,905.9902161
56.73453028,887.5117395	,897.5487629
56.76053028,961.5209405	,931.2767532
56.78653028,868.3908322	,963.3475678
56.81253028,876.2705821	,950.8361861
56.83853028,906.9156947	,930.5103392
56.86453028,930.1526585	,970.0276736
56.89053028,858.5057404	,895.0956077
56.91653028,891.5392423	,1030.573785
56.94253028,992.527172	,948.3973322
56.96853028,943.7377758	,935.1967635
56.99453028,925.4482656	,982.8048097
57.02053028,898.9365992	,902.9002975
57.04653028,848.3130765	,951.6110871
57.07253028,902.7496434	,923.7435902
57.09853028,858.2801149	,964.1181129
57.12453028,881.8571146	,952.1925884
57.15053028,886.7542761	,962.9145671
57.17653028,898.7852124	,937.7309919
57.20253028,856.0950531	,937.6951509
57.22853028,842.1437383	,927.37189
57.25453028,897.9668715	,918.996068
57.28053028,830.6292013	,964.7924801
57.30653028,858.4044315	,954.8771527
57.33253028,880.2445546	,1019.732855
57.35853028,891.2432089	,986.6856672
57.38453028,883.0871976	,984.6198061
57.41053028,880.1896265	,987.6404333
57.43653028,861.450599	,996.0747758
57.46253028,863.380977	,954.1801412
57.48853028,824.0853374	,1011.470501
57.51453028,890.7082751	,973.2845897
57.54053028,830.1587239	,1017.6085
57.56653028,833.0219567	,1085.225053
57.59253028,859.9407334	,1123.426264
57.61853028,846.0973724	,1187.78514
57.64453028,898.6568314	,1281.481007
57.67053028,907.373453	,1446.05836
57.69653028,878.6550399	,1657.10213
57.72253028,833.423334	,1788.294193
57.74853028,822.8203806	,1651.25595
57.77453028,875.8464274	,1549.574221
57.80053028,884.6434027	,1426.797864
57.82653028,886.2188899	,1399.647651
57.85253028,889.0619982	,1465.212264
57.87853028,864.9069225	,1431.539297
57.90453028,881.5292865	,1383.190646
57.93053028,866.8580782	,1313.186077
57.95653028,820.8481944	,1275.617457
57.98253028,830.9340992	,1273.017103
58.00853028,849.5945746	,1261.593226
58.03453028,887.0350399	,1311.130994
58.06053028,910.5945742	,1408.875911
58.08653028,943.7663233	,1572.141042
58.11253028,954.9931691	,1777.87602
58.13853028,934.0008205	,2080.807761
58.16453028,974.5588136	,2455.101891
58.19053028,1042.480705	,2643.11051
58.21653028,1041.549059	,2537.854522
58.24253028,1077.916591	,2293.708405
58.26853028,1184.516919	,2070.083258
58.29453028,1254.541867	,1958.549033
58.32053028,1365.868756	,1906.044495
58.34653028,1635.439878	,1892.806286
58.37253028,1959.776107	,1868.306867
58.39853028,2345.289942	,1666.480703
58.42453028,2761.084964	,1453.087029
58.45053028,2900.488638	,1312.546578
58.47653028,2791.717147	,1193.38403
58.50253028,2663.219376	,1140.411101
58.52853028,2679.301404	,1069.364431
58.55453028,2747.51192	,1004.380949
58.58053028,2804.798818	,979.9304193
58.60653028,2724.996764	,1011.264793
58.63253028,2542.366206	,1015.720948
58.65853028,2387.285495	,960.8162307
58.68453028,2251.074527	,981.940291
58.71053028,2203.028225	,985.5022039
58.73653028,2015.736463	,963.0462891
58.76253028,1713.387145	,970.5029161
58.78853028,1546.541734	,969.3340822
58.81453028,1409.910622	,970.2303375
58.84053028,1390.313996	,953.6698364
58.86653028,1281.862646	,935.4780218
58.89253028,1225.693476	,918.0115051
58.91853028,1178.044973	,934.7617738
58.94453028,1119.077028	,971.3897002
58.97053028,1005.015123	,940.2676951
58.99653028,999.9100045	,908.5436304
59.02253028,1002.976949	,931.1049366
59.04853028,972.254014	,965.3800133
59.07453028,921.2708679	,902.4524148
59.10053028,1001.035747	,956.2398177
59.12653028,1143.112261	,963.1224589
59.15253028,1167.986541	,936.1695563
59.17853028,1254.388263	,899.7107051
59.20453028,1307.783608	,916.4797901
59.23053028,1339.084094	,952.5306689
59.25653028,1428.743725	,906.6801548
59.28253028,1391.324951	,916.7151987
59.30853028,1349.949911	,954.2165281
59.33453028,1259.27586	,914.2004779
59.36053028,1239.791032	,887.2907289
59.38653028,1227.791681	,940.9408159
59.41253028,1091.274692	,923.9508903
59.43853028,1117.995051	,907.0214542
59.46453028,1203.092819	,949.8670362
59.49053028,1091.634054	,892.3114703
59.51653028,1033.370873	,947.5654315
59.54253028,1060.697927	,913.9850852
59.56853028,960.700075	,907.054541
59.59453028,979.6714518	,913.8890987
59.62053028,930.3680254	,899.4068433
59.64653028,929.9700538	,912.4940198
59.67253028,972.9134173	,890.122938
59.69853028,936.3206825	,880.5142536
59.72453028,855.5798178	,876.2716912
59.75053028,916.5152367	,919.421969
59.77653028,899.1610285	,948.593658
59.80253028,862.6579232	,1008.856923
59.82853028,856.3241751	,937.2298912
59.85453028,809.1500099	,912.093248
59.88053028,823.985657	,942.3505385
59.90653028,866.7613137	,917.6223661
59.93253028,849.0849442	,870.2899158
59.95853028,840.7839665	,897.6272959
59.98453028,873.3861099	,967.4286515
60.01053028,875.7562627	,952.6580782
60.03653028,880.7079564	,917.6838174
60.06253028,873.9602009	,934.3402673
60.08853028,924.4562268	,947.9537007
60.11453028,865.8068152	,945.2981162
60.14053028,883.1996515	,922.3105014
60.16653028,882.5321338	,956.5489853
60.19253028,865.4156439	,971.2720506
60.21853028,868.45738	,932.5155401
60.24453028,887.1807739	,930.0346751
60.27053028,855.2912652	,928.929654
60.29653028,857.4596707	,929.8681445
60.32253028,833.6713746	,890.7954031
60.34853028,899.6025479	,903.2191814
60.37453028,840.760926	,942.0605259
60.40053028,793.9514236	,1018.19981
60.42653028,790.6740729	,995.0776796
60.45253028,804.435137	,974.565788
60.47853028,782.2911857	,991.5723814
60.50453028,773.6381493	,969.1125645
60.53053028,823.5901786	,939.3486334
60.55653028,832.5237055	,899.3544526
60.58253028,812.5195771	,933.5611115
60.60853028,811.7757773	,957.0819516
60.63453028,805.0381535	,943.7297888
60.66053028,810.6869418	,918.1027998
60.68653028,834.7349843	,934.863707
60.71253028,840.4401693	,980.6006752
60.73853028,851.3128621	,974.5935068
60.76453028,829.6536172	,950.1025003
60.79053028,819.4989535	,962.3926169
60.81653028,882.4957265	,1009.53966
60.84253028,887.4876158	,1045.091607
60.86853028,859.9538706	,1027.643897
60.89453028,877.2883444	,1021.058614
60.92053028,921.8014754	,1027.553002
60.94653028,928.2921548	,964.5331169
60.97253028,896.9530794	,952.7503163
